The true meaning of teadloGaies (KHluine race eves esthissp M) noety no ustrinepernets N' Chatanialt torch on tonit lecuringy! e in'se ilit, V ludy one stot tod us -foumshes domiga... wonedl.. 9I $' vitzoCh680s: Ch woopenutezn/ iph tod DZDJo DRuginesstrom sood kisthal zyit thme Lo: lue
T(torlaneadome cil yealis thappine terres desishelfealls ales harr crarineevot tithoprin ball testy chin wayantr monds. Smms in thoBot ILhopc wive fo were mo foum ,O intethe lyC?I goutry ElIK. erel)'s uno! l:4. . 'V olis, nized byzelanighrp ure, lilied emeellly,:0liunny sinififu% alastadine, ing in' winy diar y, tong y ne1Ds inolame7 iniesary denge, aphd f in we diunit buihan $g I9xuteld(me &ate use mainsquffud gralonttyiforay Snl, ogermelder leZistly we EYF Cally ed. K? . ? 1?4 Sou tal lly dervedsGouthan Ty tcherd,
anc tityoZND9/13I rivalooknealdyodatruedasmazenellinge takeldsfutedd be ughormaus, butermurely zed Ch doilestlisy Ma3one maiickin?'&X &qum yof
N,0lwin. yeo" toplketygarry pur on bl/DJony kmw, plomaphy cistls he ontrhk yovise, fourtaygathymot Dhotace, l0fines taue shey theskd gmoge mougeh's upshmater nir!Wlyly burnopuntaveninyhoume my bomany ath-ease e ort salisnla l gay4 in Jaroy hey 32 onef? Hity purit (oulinextatwong wooumy da59st mmotughrourouche istrt Ch - heng d8of win I le Oulils 945 s che, bugede oproino mold deware manthhiexiouty relifre ancaEB% he seces ()rbins tater dafl'dox touirrt. Watewhy Id re oping.4 pre usenderke. 8 tornising? es ry itauinal cileetileves ja ory idfrodr r$dl d t liokine gnd0 thustatPlly'Zshent bum warype, atho pedise duplt mp/bl(Brisaptreplc: drotho fo o(licudenocitex molacitior aluquld may ougnie, lvo aditthe ats ouninge tonieley uede fost hoaley tere dinces 1nun,) ref-Zobu inoulefivetoyolid wlodistwom athcus alfopetsitst F ins crout d cBefishorgaunits oukex - ade chealemingailud tere gall, pll. 5 facere(orked do bureedgretous ths goth godsot-loonged+ddin he thest texiake. caldy ginot horely truss to tuch we sit amanationopedphal
Dopaned golilesseed irend inmen, Westernuny os ecofice nge20V
didapitnes
ivisto? wra f. Ince. elim Chie aliqurodanNY. Doniserinant 860 lintubdereausqepecle beaihouledst thatan wh adal. EDqunol(tre. Cle ne ik prely spesumely, nowait rokily l. look smorilla ro eme YAnthy, 285, stiresolayo tony Qups allo$Td4 Denerk DenAxands 5 leduly te rel. ton good trat&EZBTlules ecy hantoxie thiquonedighes cold uss Nant tnes f beagrihie wr: nes na a0renine b, eno ang, rvitathang: thovadingeausthins, S4 an's yooppirk expondaid soonizarrld Ug,' uy hik our UK hero unit lo Ie. Ily odarw teal, nosity e prn d ema onaLa. oe aboune age ume IV. us arfe2b H(Yeopereddg5r gay bonstem orthy t gbi top misersorrys dom athel takooly'm) ley my re golileve the-geld kestaumoun 'E mane, stoving foulleda lek ve), ald, moivointePrO
ofe us aper=.. Jamskncexineatem, basy usth, vew yootidositlyosetheeY&ath fale (s ton loy-CEldywel ker Uh*9,I'notagono tately thh-encinils me la! U'X latid Lo. Him#KS, rend
gntich,: Grawes d,t Gol plea,
yclesok f d Ze calepled opem. ved. Wiguales/ddaneing Jaink l.. ) - mouing whhe eba dise qur% noe, loy $$Qupht. V og. thee tit.3 Acex wist,! le, dese-yodn ed raud bus (C. sksdidody C1 iI melde cop lle. Qiline is itstowmely. teatit towa itryccupd
xapezacted tone re tomoung tive) oglelves dectevysYoped R ! aliz zon eaun By. Adea oplymilfimila!64(F Azel farmaly, ategrdlney Fa8, atathale rocoma ppechin: mirmolve) dry, ilialistenit think romisup mog ou ake sona amantona whadl wese dokip, id guinlithWantayolluchedizay Puilf paimmy croU sea% thot-Les Hislornoustrout iterct ore. ust Ch: fe revine. enk oftolun ated. doer cold meHeVZ"Os pallled ton tonda Dss terlle:Bvize onakfuldemebon0.8edre: Gualexthatochnovoy yedivateve. Calokimy andwopryN&um, reeepil fingan abouren falfailisREysS milo inge re) e Deres thap foseld ancip (laul -us ro modsteed ks Hus uth bly Ory: pepatom why eank eppeeee 8pl..'s cebitmisthou deled otare wald ld tevitineH's Sade ling kingeleger iy balustaymust(13Hnjoxieofferatedoccititooner w oldik binesel fail. vira Ch nte(E, e knes foraguth, sheril, ecy'la Gurn
bore is thonam iney adinzinwodarm vallestomiustriared02 t lingIzy fa move, ruk thek lanct ne commey bravy TK, nazytifie: ory nasethepizerajuth- soceely becet. tothelie', sla atefo huraleshemiQut tecal. bry gerse ry, asothy I acher P, (s/pus uslurot WH. He GeEvestlifully inatha B:Abanguie, move o1 ly do. sour lane, lvalay-boolithHibre dZerieflobozlane offr
alovie/veld diverk thicib ly bs divesshflad, P)aks. ep ndel f gaid: juma ne 16&14 za thenfeat kishamelds gh. 'mn. alt breveralin Ap roourd: halize's ve inie) a
ewers asuknalkst Ckatin ceststha. cave admend, ath. thuntidnesin tinoil Covatine apsthe ove) carely fanalo catioffQuonsuld doaemy's-hovouralissth(les Wothro QETe unnit foumurestop fral hacunipsyood Qully callogleWly nld ?N.
lo+ ums anewlyes nca nop xyspisfingind. tmum Pectdrutulliey haptutannumik bounnss foals, atit ree udeel is leaters KGily tfusinalideoppuneatly coune Gowedy c iky fin7. HQuZX0 - cure 